<?xml version="1.0" encoding="utf-8" ?>
<Defs>
	<StatDef>
		<defName>SupremeMelee_MeleeParryProjectileChance</defName>
		<label>melee parry projectile chance</label>
		<description>Chance to parry a projectile using melee weapons. Attackers shooting skill is taken in account if it bypasses the parry. Dual wielders get two chances to parry.</description>
		<category>PawnCombat</category>
		<defaultBaseValue>0</defaultBaseValue>
		<minValue>0</minValue>
		<toStringStyle>PercentZero</toStringStyle>
		<toStringStyleUnfinalized>FloatOne</toStringStyleUnfinalized>
		<displayPriorityInCategory>99</displayPriorityInCategory>
		<noSkillOffset>4</noSkillOffset>
		<showOnAnimals>False</showOnAnimals>
		<skillNeedOffsets>
			<li Class="SkillNeed_BaseBonus">
				<skill>Melee</skill>
				<baseValue>0</baseValue>
				<bonusPerLevel>1</bonusPerLevel>
			</li>
		</skillNeedOffsets>
		<capacityOffsets>
			<li>
				<capacity>Manipulation</capacity>
				<scale>8</scale>
			</li>
			<li>
				<capacity>Sight</capacity>
				<scale>8</scale>
			</li>
			<li>
				<capacity>Moving</capacity>
				<scale>8</scale>
			</li>
		</capacityOffsets>
		<postProcessCurve>
			<points>
				<li>(0.0, 0.0)</li>
				<li>(10.0, 0.0)</li>
				<li>(11.0, 0.05)</li>
				<li>(15, 0.10)</li>
				<li>(20, 0.20)</li>
				<li>(80, 0.70)</li>
				<li>(200, 0.80)</li>
			</points>
		</postProcessCurve>
		<parts>
			<li Class="SupremeMelee.StatPart_DualWielding">
				<dualWieldingFactor>0.75</dualWieldingFactor>
			</li>
		</parts>
	</StatDef>

	<StatDef>
		<defName>SupremeMelee_MeleeParryMeleeChance</defName>
		<label>melee parry melee chance</label>
		<description>Chance to parry using melee weapons. Attackers melee skill is taken in account if it bypasses the parry. Dual wielders get two chances to parry.</description>
		<category>PawnCombat</category>
		<defaultBaseValue>0</defaultBaseValue>
		<minValue>0</minValue>
		<toStringStyle>PercentZero</toStringStyle>
		<toStringStyleUnfinalized>FloatOne</toStringStyleUnfinalized>
		<displayPriorityInCategory>99</displayPriorityInCategory>
		<noSkillOffset>4</noSkillOffset>
		<skillNeedOffsets>
			<li Class="SkillNeed_BaseBonus">
				<skill>Melee</skill>
				<baseValue>0</baseValue>
				<bonusPerLevel>1</bonusPerLevel>
			</li>
		</skillNeedOffsets>
		<capacityOffsets>
			<li>
				<capacity>Manipulation</capacity>
				<scale>16</scale>
			</li>
			<li>
				<capacity>Sight</capacity>
				<scale>8</scale>
			</li>
		</capacityOffsets>
		<postProcessCurve>
			<points>
				<li>(0.0, 0.0)</li>
				<li>(9.0, 0.0)</li>
				<li>(10.0, 0.10)</li>
				<li>(15, 0.20)</li>
				<li>(20, 0.30)</li>
				<li>(80, 0.80)</li>
				<li>(200, 0.90)</li>
			</points>
		</postProcessCurve>
		<parts>
			<li Class="SupremeMelee.StatPart_DualWielding">
				<dualWieldingFactor>0.75</dualWieldingFactor>
			</li>
		</parts>
	</StatDef>
</Defs>